Timeline,Index,Time,IBTS Temp,Bean Probe Temp,IBTS ROR,Bean Probe ROR,Power Setting,Drum Setting,Fan Setting
,0,0:00,448.52,276.79999999999995,0,18,5,9,5
,1,0:01,447.62,276.98,-15,18.72,5,9,5
,2,0:02,445.28,277.34000000000003,-12,18.18,5,9,5
,3,0:03,77,277.7,0.4,8.82,6,9,2
,4,0:04,77.18,277.52,2.5,-11.34,6,9,2
,5,0:05,77.53999999999999,276.98,7.7,-48.42,6,9,2
,6,0:06,78.25999999999999,275.54,18,-100.44,6,9,2
,7,0:07,79.52,273.02,34.9,-163.98,6,9,2
,8,0:08,81.68,269.6,58.6,-226.26,6,9,2
,9,0:09,84.74000000000001,265.1,87.4,-276.48,6,9,2
,10,0:10,88.52,260.06,117.9,-306.54,6,9,2
,11,0:11,93.19999999999999,254.83999999999997,145.3,-318.42,6,9,2
,12,0:12,98.41999999999999,249.62,165.2,-315.36,6,9,2
,13,0:13,103.63999999999999,244.39999999999998,174,-306.18,7,9,2
,14,0:14,108.5,239.54,169.7,-292.86,7,9,2
,15,0:15,112.82,234.85999999999999,152.8,-279.54,7,9,2
,16,0:16,116.24,232.52,125.8,-273.6,7,9,2
,17,0:17,118.58,228.02,93.1,-261.36,7,9,2
,18,0:18,120.02,223.88,59.9,-248.4,7,9,2
,19,0:19,120.56,219.92000000000002,31.1,-235.08,7,9,2
,20,0:20,120.74,216.14,10.6,-222.84,7,9,2
,21,0:21,120.56,212.54,0.2,-209.88,7,9,2
,22,0:22,120.74,209.29999999999998,-0.4,-198.72,7,9,2
,23,0:23,121.1,206.06,6.7,-188.28,7,9,2
,24,0:24,121.63999999999999,203,17.9,-176.94,7,9,2
,25,0:25,122.72,200.29999999999998,29.6,-166.5,7,9,2
,26,0:26,123.98,197.6,39.1,-157.5,7,9,2
,27,0:27,125.41999999999999,195.07999999999998,45.3,-147.78,7,9,2
,28,0:28,126.86,192.73999999999998,48,-138.96,7,9,2
,29,0:29,128.3,190.57999999999998,48.2,-131.76,7,9,2
,30,0:30,129.74,188.42000000000002,47.1,-124.74,7,9,2
,31,0:31,131,186.44,45.7,-117.9,7,9,2
,32,0:32,132.44,184.46,44.4,-111.6,7,9,2
,33,0:33,133.7,182.66,43.4,-105.12,7,9,2
,34,0:34,134.95999999999998,181.04,43,-99,7,9,2
,35,0:35,136.22,179.42000000000002,43.2,-93.06,7,9,2
,36,0:36,137.66,177.98,43.8,-86.4,7,9,2
,37,0:37,138.92,176.72,45,-80.1,7,9,2
,38,0:38,140.36,175.46,46.7,-73.8,7,9,2
,39,0:39,141.8,174.2,48.8,-68.22,7,9,2
,40,0:40,143.42,173.12,51.3,-63.72,7,9,2
,41,0:41,145.04,172.22,54,-59.76,7,9,2
,42,0:42,146.83999999999997,171.14,57,-55.26,7,9,2
,43,0:43,148.64,170.42000000000002,60,-50.04,7,9,2
,44,0:44,150.62,169.52,62.7,-44.64,7,9,2
,45,0:45,152.6,168.98,65,-39.42,7,9,2
,46,0:46,154.57999999999998,168.26,66.4,-34.38,7,9,2
,47,0:47,156.56,167.72,67,-30.6,7,9,2
,48,0:48,158.54,167.35999999999999,66.6,-27.72,7,9,2
,49,0:49,160.52,167.17999999999998,65.2,-26.46,7,9,2
,50,0:50,162.32,166.64,63,-24.12,7,9,2
,51,0:51,164.12,166.27999999999997,59.9,-21.42,7,9,2
,52,0:52,165.73999999999998,165.92000000000002,55.9,-18.54,7,9,2
,53,0:53,167.17999999999998,165.73999999999998,51,-15.84,7,9,2
,54,0:54,168.44,165.56,45.3,-12.78,7,9,2
,55,0:55,169.52,165.38,39.1,-9.9,7,9,2
,56,0:56,170.42000000000002,165.2,32.8,-7.56,7,9,2
,57,0:57,171.14,165.02,27,-5.76,7,9,2
,58,0:58,171.85999999999999,165.02,22.4,-3.78,7,9,2
,59,0:59,172.4,165.02,19.6,-2.34,7,9,2
,60,1:00,172.94,165.02,19.1,-0.72,7,9,2
,61,1:01,172.94,165.02,19.1,1.44,7,9,2
,62,1:02,174.56,165.02,25.4,4.14,7,9,2
,63,1:03,175.46,165.2,31.5,6.66,7,9,2
,64,1:04,176.72,165.2,38.6,9,7,9,2
,65,1:05,178.16,165.38,45.6,10.8,7,9,2
,66,1:06,179.77999999999997,165.56,51.4,11.88,7,9,2
,67,1:07,181.57999999999998,165.92000000000002,54.9,12.78,7,9,2
,68,1:08,183.2,166.1,55.5,13.68,7,9,2
,69,1:09,184.64,166.27999999999997,53.1,14.4,7,9,2
,70,1:10,186.07999999999998,166.46,48.1,15.12,7,9,2
,71,1:11,187.16,166.82,41,16.38,7,9,2
,72,1:12,188.06,167.17999999999998,32.9,17.46,7,9,2
,73,1:13,188.77999999999997,167.35999999999999,24.8,18.54,7,9,2
,74,1:14,189.14,167.72,17.7,19.26,7,9,2
,75,1:15,189.5,168.07999999999998,12.2,20.34,7,9,2
,76,1:16,189.67999999999998,168.44,9,21.24,7,9,2
,77,1:17,190.04,168.79999999999998,8.5,22.5,7,9,2
,78,1:18,190.4,169.16,10.5,24.84,7,9,2
,79,1:19,190.94,169.7,14.9,26.46,7,9,2
,80,1:20,191.66,170.06,21.3,27.72,7,9,2
,81,1:21,192.56,170.6,28.9,28.62,7,9,2
,82,1:22,193.82,170.77999999999997,36.9,28.98,7,9,2
,83,1:23,195.26,171.32,44.3,28.62,7,9,2
,84,1:24,196.7,171.67999999999998,50.4,28.08,7,9,2
,85,1:25,198.5,172.22,54.5,28.8,7,9,2
,86,1:26,200.12,172.76,56.4,29.16,7,9,2
,87,1:27,201.73999999999998,173.12,56.2,29.16,7,9,2
,88,1:28,203.35999999999999,173.66,54.1,29.16,7,9,2
,89,1:29,204.79999999999998,174.2,50.6,29.52,7,9,2
,90,1:30,206.23999999999998,174.73999999999998,46.6,29.88,7,9,2
,91,1:31,207.5,175.1,42.4,30.24,7,9,2
,92,1:32,208.57999999999998,175.64,38.7,30.78,7,9,2
,93,1:33,209.66,176.17999999999998,35.7,31.5,7,9,2
,94,1:34,210.56,176.72,33.4,32.22,7,9,2
,95,1:35,211.46,177.26,32,32.58,7,9,2
,96,1:36,212.35999999999999,177.79999999999998,31.2,32.94,7,9,2
,97,1:37,213.44,178.33999999999997,30.8,33.84,7,9,2
,98,1:38,214.33999999999997,178.88,30.4,34.02,7,9,2
,99,1:39,215.23999999999998,179.42000000000002,30,33.66,7,9,2
,100,1:40,215.96,180.14,29.4,33.3,7,9,2
,101,1:41,216.85999999999999,180.67999999999998,28.5,33.3,7,9,2
,102,1:42,217.76,181.22,27.4,32.94,7,9,2
,103,1:43,218.48,181.76,26.3,33.12,7,9,2
,104,1:44,219.2,182.29999999999998,25.5,33.12,7,9,2
,105,1:45,219.92000000000002,182.83999999999997,24.9,32.76,7,9,2
,106,1:46,220.64,183.38,24.7,32.22,7,9,2
,107,1:47,221.35999999999999,183.92000000000002,24.7,31.68,7,9,2
,108,1:48,222.07999999999998,184.46,24.6,31.32,7,9,2
,109,1:49,222.79999999999998,185,24.2,30.96,7,9,2
,110,1:50,223.52,185.54,23.2,31.86,7,9,2
,111,1:51,224.23999999999998,186.07999999999998,21.3,32.58,7,9,2
,112,1:52,224.6,186.62,18.4,34.38,7,9,2
,113,1:53,225.14,187.16,14.7,35.46,7,9,2
,114,1:54,225.32,187.7,10.8,37.44,7,9,2
,115,1:55,225.5,188.06,7.3,37.8,7,9,2
,116,1:56,225.67999999999998,188.77999999999997,5.2,38.7,7,9,2
,117,1:57,225.67999999999998,189.32,5.2,38.52,7,9,2
,118,1:58,226.04,190.04,7.7,37.98,7,9,2
,119,1:59,226.57999999999998,190.57999999999998,12.7,37.26,7,9,2
,120,2:00,227.29999999999998,191.29999999999998,19.7,37.08,7,9,2
,121,2:01,228.2,191.83999999999997,27.6,36.36,7,9,2
,122,2:02,229.27999999999997,192.56,35,36.72,7,9,2
,123,2:03,230.54,193.1,40.8,37.08,7,9,2
,124,2:04,231.98,193.64,43.7,37.08,7,9,2
,125,2:05,233.23999999999998,194.35999999999999,43.4,37.08,7,9,2
,126,2:06,234.32,194.9,39.7,36.36,7,9,2
,127,2:07,235.22,195.62,33.4,35.28,7,9,2
,128,2:08,235.94,196.16,25.4,34.2,7,9,2
,129,2:09,236.29999999999998,196.7,17.1,34.2,7,9,2
,130,2:10,236.48,197.23999999999998,10.1,34.02,7,9,2
,131,2:11,236.66,197.77999999999997,5.4,34.2,7,9,2
,132,2:12,236.83999999999997,198.32,3.7,34.74,7,9,2
,133,2:13,237.02,199.04,5.2,34.92,7,9,2
,134,2:14,237.37999999999997,199.57999999999998,9.1,34.92,7,9,2
,135,2:15,237.73999999999998,200.12,14.6,34.92,7,9,2
,136,2:16,238.46,200.66,20.5,35.1,7,9,2
,137,2:17,239.35999999999999,201.38,25.7,35.82,7,9,2
,138,2:18,240.26,201.92000000000002,29.3,36.72,7,9,2
,139,2:19,241.16,202.46,30.7,37.62,7,9,2
,140,2:20,242.06,203.17999999999998,29.9,37.62,7,9,2
,141,2:21,242.77999999999997,203.72,26.9,37.44,7,9,2
,142,2:22,243.32,204.44,22.3,36,7,9,2
,143,2:23,243.85999999999999,204.98,16.9,34.38,7,9,2
,144,2:24,244.04,205.52,11.5,33.48,7,9,2
,145,2:25,244.22,206.06,6.7,33.12,7,9,2
,146,2:26,244.39999999999998,206.6,3.1,33.12,7,9,2
,147,2:27,244.39999999999998,206.96,1.2,33.84,7,9,2
,148,2:28,244.39999999999998,207.5,0.9,34.92,7,9,2
,149,2:29,244.39999999999998,208.04,2.3,34.56,7,9,2
,150,2:30,244.76,208.57999999999998,5.3,34.2,7,9,2
,151,2:31,244.94,209.29999999999998,9.4,33.48,7,9,2
,152,2:32,245.48,209.83999999999997,14.4,32.94,7,9,2
,153,2:33,246.2,210.38,19.8,32.4,7,9,2
,154,2:34,247.1,210.92000000000002,25.1,32.58,7,9,2
,155,2:35,248,211.46,29.6,32.76,7,9,2
,156,2:36,248.89999999999998,212,33.1,32.76,7,9,2
,157,2:37,249.98,212.54,35.3,32.58,7,9,2
,158,2:38,251.23999999999998,213.07999999999998,36.3,32.58,7,9,2
,159,2:39,252.32,213.62,36.1,32.22,7,9,2
,160,2:40,253.22,214.16,35.1,31.68,7,9,2
,161,2:41,254.29999999999998,214.7,33.5,31.32,7,9,2
,162,2:42,255.2,215.23999999999998,31.6,31.32,7,9,2
,163,2:43,256.1,215.6,29.4,30.78,7,9,2
,164,2:44,256.82,216.14,27,30.78,7,9,2
,165,2:45,257.53999999999996,216.67999999999998,24.5,31.14,7,9,2
,166,2:46,258.08,217.22,21.9,31.68,7,9,2
,167,2:47,258.62,217.76,19.1,32.04,7,9,2
,168,2:48,259.15999999999997,218.29999999999998,16.4,32.4,7,9,2
,169,2:49,259.52,218.83999999999997,13.8,32.4,7,9,2
,170,2:50,259.88,219.38,11.4,31.5,7,9,2
,171,2:51,260.06,219.92000000000002,9.5,31.86,7,9,2
,172,2:52,260.24,220.46,8.1,31.5,7,9,2
,173,2:53,260.41999999999996,221,7.2,31.5,7,9,2
,174,2:54,260.78,221.54,6.8,30.96,7,9,2
,175,2:55,260.96000000000004,222.07999999999998,6.6,31.14,7,9,2
,176,2:56,261.14,222.44,6.5,30.24,7,9,2
,177,2:57,261.32,222.98,6.3,29.7,7,9,2
,178,2:58,261.5,223.52,5.8,29.16,7,9,2
,179,2:59,261.67999999999995,223.88,5.1,28.8,7,9,2
,180,3:00,261.67999999999995,224.23999999999998,4.1,28.98,7,9,2
,181,3:01,261.86,224.77999999999997,3.1,28.8,7,9,2
,182,3:02,261.86,225.14,2.4,28.98,7,9,2
,183,3:03,261.86,225.67999999999998,2,29.52,7,9,2
,184,3:04,262.03999999999996,226.22,2.1,30.42,7,9,2
,185,3:05,262.03999999999996,226.76,2.9,31.32,7,9,2
,186,3:06,262.22,227.29999999999998,4.3,32.4,7,9,2
,187,3:07,262.4,227.83999999999997,6.3,32.94,7,9,2
,188,3:08,262.76,228.37999999999997,8.7,33.84,7,9,2
,189,3:09,263.12,228.92,11.5,34.02,7,9,2
,190,3:10,263.65999999999997,229.46,14.5,33.66,7,9,2
,191,3:11,264.2,230,17.7,32.58,7,9,2
,192,3:12,264.2,230.54,17.7,31.86,7,9,2
,193,3:13,265.64,231.07999999999998,23.9,31.14,7,9,2
,194,3:14,266.35999999999996,231.62,26.8,31.14,7,9,2
,195,3:15,267.26,232.16,29.2,31.5,7,9,2
,196,3:16,268.34000000000003,232.7,31,31.86,7,9,2
,197,3:17,269.24,233.23999999999998,32.1,31.86,7,9,2
,198,3:18,270.32,233.77999999999997,32.5,31.68,7,9,2
,199,3:19,271.22,234.14,32,30.96,7,9,2
,200,3:20,272.12,234.67999999999998,30.9,29.7,7,9,2
,201,3:21,272.12,235.22,30.9,29.16,7,9,2
,202,3:22,273.74,235.76,27.1,28.8,7,9,2
,203,3:23,274.46,236.12,24.8,27.72,7,9,2
,204,3:24,275,236.66,22.4,27,7,9,2
,205,3:25,275.72,237.02,20.1,27,7,9,2
,206,3:26,276.08,237.56,17.9,27.18,7,9,2
,207,3:27,276.62,237.92,15.7,27.36,7,9,2
,208,3:28,276.98,238.46,13.7,27.72,7,9,2
,209,3:29,277.34000000000003,238.82,11.7,27.36,7,9,2
,210,3:30,277.52,239.35999999999999,9.8,26.82,7,9,2
,211,3:31,277.88,239.72,8.2,25.92,7,9,2
,212,3:32,278.05999999999995,240.26,6.8,25.74,7,9,2
,213,3:33,278.24,240.44,5.9,25.92,7,9,2
,214,3:34,278.41999999999996,240.79999999999998,5.5,26.64,7,9,2
,215,3:35,278.41999999999996,241.33999999999997,5.5,27.54,7,9,2
,216,3:36,278.78,241.7,6.1,28.08,7,9,2
,217,3:37,278.96,242.23999999999998,7,28.08,7,9,2
,218,3:38,279.14,242.77999999999997,8.3,27.72,7,9,2
,219,3:39,279.5,243.14,9.8,26.64,7,9,2
,220,3:40,279.85999999999996,243.5,11.3,25.74,7,9,2
,221,3:41,280.22,244.04,12.8,25.02,7,9,2
,222,3:42,280.76,244.39999999999998,14.1,24.12,7,9,2
,223,3:43,281.12,244.76,15.2,23.58,7,9,2
,224,3:44,281.65999999999997,245.12,16,23.58,7,9,2
,225,3:45,282.2,245.66,16.4,24.12,7,9,2
,226,3:46,282.74,246.02,16.6,25.38,7,9,2
,227,3:47,283.1,246.37999999999997,16.5,26.46,7,9,2
,228,3:48,283.64,246.92,16.3,26.64,7,9,2
,229,3:49,284.17999999999995,247.27999999999997,16.1,26.46,7,9,2
,230,3:50,284.54,247.82,15.9,26.28,7,9,2
,231,3:51,285.08,248.17999999999998,15.9,25.92,7,9,2
,232,3:52,285.62,248.72,16,26.28,7,9,2
,233,3:53,285.98,249.07999999999998,16.1,26.82,7,9,2
,234,3:54,286.52,249.44,16.2,27,7,9,2
,235,3:55,287.05999999999995,249.98,15.9,26.82,7,9,2
,236,3:56,287.41999999999996,250.33999999999997,15.1,25.92,7,9,2
,237,3:57,287.78,250.87999999999997,13.7,25.02,7,9,2
,238,3:58,288.14,251.23999999999998,11.6,24.3,7,9,2
,239,3:59,288.32,251.6,8.9,24.12,7,9,2
,240,4:00,288.5,251.96,5.9,23.94,7,9,2
,241,4:01,288.5,252.5,2.9,23.94,7,9,2
,242,4:02,288.5,252.85999999999999,0.3,23.4,7,9,2
,243,4:03,288.5,253.22,-1.5,22.68,7,9,2
,244,4:04,288.32,253.57999999999998,-2.4,22.5,7,9,2
,245,4:05,288.32,253.94,-2.2,22.68,7,9,2
,246,4:06,288.32,254.12,-1.1,22.86,7,9,2
,247,4:07,288.32,254.48,0.8,23.04,7,9,2
,248,4:08,288.5,254.83999999999997,3.3,23.58,7,9,2
,249,4:09,288.67999999999995,255.37999999999997,5.9,24.48,7,9,2
,250,4:10,289.04,255.73999999999998,8.5,25.2,7,9,2
,251,4:11,289.4,256.1,10.8,26.1,7,9,2
,252,4:12,289.76,256.64,12.7,26.64,7,9,2
,253,4:13,290.12,257,14.2,26.64,7,9,2
,254,4:14,290.65999999999997,257.53999999999996,15.5,26.46,7,9,2
,255,4:15,291.2,257.9,16.6,25.2,7,9,2
,256,4:16,291.74,258.26,17.8,23.94,7,9,2
,257,4:17,292.28,258.79999999999995,18.9,23.4,7,9,2
,258,4:18,293,259.15999999999997,20.1,22.86,7,9,2
,259,4:19,293.54,259.52,21.1,23.4,7,9,2
,260,4:20,294.26,259.88,21.8,24.12,7,9,2
,261,4:21,294.97999999999996,260.24,22,24.3,7,9,2
,262,4:22,295.52,260.78,21.7,23.76,7,9,2
,263,4:23,296.05999999999995,261.14,20.6,23.58,7,9,2
,264,4:24,296.59999999999997,261.5,18.9,22.68,7,9,2
,265,4:25,297.14,261.86,16.7,21.78,7,9,2
,266,4:26,297.5,262.22,14,22.14,7,9,2
,267,4:27,297.85999999999996,262.58,11.2,22.68,7,9,2
,268,4:28,298.04,262.94,8.5,23.04,7,9,2
,269,4:29,298.21999999999997,263.29999999999995,6.1,22.68,7,9,2
,270,4:30,298.21999999999997,263.65999999999997,4.1,22.86,7,9,2
,271,4:31,298.4,264.02,2.6,22.5,7,9,2
,272,4:32,298.4,264.55999999999995,1.5,22.5,7,9,2
,273,4:33,298.4,264.91999999999996,0.8,22.86,7,9,2
,274,4:34,298.4,265.28,0.5,23.76,7,9,2
,275,4:35,298.4,265.64,0.6,24.66,7,9,2
,276,4:36,298.58,266,0.9,25.56,7,9,2
,277,4:37,298.58,266.54,1.6,25.38,7,9,2
,278,4:38,298.58,266.9,2.5,24.84,7,9,2
,279,4:39,298.76,267.08,3.7,24.66,7,9,2
,280,4:40,298.94,267.44,5,23.58,7,9,2
,281,4:41,299.12,267.98,6.4,22.68,7,9,2
,282,4:42,299.47999999999996,268.34000000000003,7.8,21.6,7,9,2
,283,4:43,299.65999999999997,268.7,9,21.24,7,9,2
,284,4:44,300.02,268.88,10.1,21.06,7,9,2
,285,4:45,300.38,269.24,10.9,21.24,7,9,2
,286,4:46,300.74,269.6,11.5,20.52,7,9,2
,287,4:47,301.09999999999997,269.96,11.9,20.34,7,9,2
,288,4:48,301.46,270.32,12.1,20.16,7,9,2
,289,4:49,301.82,270.67999999999995,12.2,19.26,7,9,2
,290,4:50,302.17999999999995,271.04,12.3,19.08,7,9,2
,291,4:51,302.54,271.4,12.3,19.8,7,9,2
,292,4:52,302.9,271.58,12.2,20.16,7,9,2
,293,4:53,303.26,271.94,12.1,20.52,7,9,2
,294,4:54,303.62,272.29999999999995,11.9,21.42,7,9,2
,295,4:55,303.97999999999996,272.65999999999997,11.6,21.96,7,9,2
,296,4:56,304.34000000000003,273.02,11.1,22.5,7,9,2
,297,4:57,304.52,273.38,10.6,23.04,7,9,2
,298,4:58,304.88,273.91999999999996,10,23.58,7,9,2
,299,4:59,305.05999999999995,274.28,9.4,23.76,7,9,2
,300,5:00,305.42,274.64,8.9,22.86,7,9,2
,301,5:01,305.59999999999997,275,8.5,21.6,7,9,2
,302,5:02,305.59999999999997,275.35999999999996,8.5,20.7,7,9,2
,303,5:03,306.14,275.72,8.6,19.98,7,9,2
,304,5:04,306.5,276.08,8.9,19.62,7,9,2
,305,5:05,306.67999999999995,276.26,9.5,19.98,7,9,3
,306,5:06,307.04,276.62,10.1,20.88,7,9,3
,307,5:07,307.4,276.98,10.7,21.06,7,9,3
,308,5:08,307.76,277.34000000000003,11.2,21.24,7,9,3
,309,5:09,308.12,277.7,11.5,20.88,7,9,3
,310,5:10,308.47999999999996,278.05999999999995,11.7,20.16,7,9,3
,311,5:11,308.84000000000003,278.24,11.6,19.98,7,9,3
,312,5:12,309.02,278.6,11.3,18.9,7,9,3
,313,5:13,309.38,278.78,10.9,17.82,7,9,3
,314,5:14,309.74,279.14,10.4,17.28,7,9,3
,315,5:15,310.09999999999997,279.5,9.9,16.56,7,9,3
,316,5:16,310.28,279.67999999999995,9.5,17.1,7,9,3
,317,5:17,310.64,280.04,9.2,18,7,9,3
,318,5:18,310.82,280.22,8.9,18.54,7,9,3
,319,5:19,311,280.58,8.7,18.18,7,9,3
,320,5:20,311.35999999999996,280.94,8.6,18.72,7,9,3
,321,5:21,311.54,281.29999999999995,8.5,17.82,7,9,3
,322,5:22,311.9,281.48,8.4,17.46,7,9,3
,323,5:23,312.08,281.84000000000003,8.4,17.82,7,9,3
,324,5:24,312.08,282.2,8.4,18.72,7,9,3
,325,5:25,312.62,282.38,8.1,18.9,7,9,3
,326,5:26,312.8,282.74,7.7,19.26,7,9,3
,327,5:27,312.97999999999996,283.1,7.3,19.26,7,9,3
,328,5:28,313.15999999999997,283.46,6.7,18.72,7,9,3
,329,5:29,313.34000000000003,283.64,6.1,18.36,7,9,3
,330,5:30,313.52,284,5.6,17.64,7,9,3
,331,5:31,313.7,284.35999999999996,5.2,17.28,7,9,3
,332,5:32,313.88,284.54,5.1,17.28,7,9,3
,333,5:33,314.05999999999995,284.9,5.3,17.82,7,9,3
,334,5:34,314.24,285.26,5.8,18.54,7,9,3
,335,5:35,314.42,285.44,6.5,19.44,7,9,3
,336,5:36,314.59999999999997,285.79999999999995,7.4,19.44,7,9,3
,337,5:37,314.96,286.15999999999997,8.2,18.72,7,9,3
,338,5:38,315.14,286.52,9,18.36,7,9,3
,339,5:39,315.5,286.7,9.5,18,7,9,3
,340,5:40,315.67999999999995,287.05999999999995,9.9,18.18,7,9,3
,341,5:41,316.04,287.41999999999996,10.1,17.82,7,9,3
,342,5:42,316.4,287.6,10.4,18.36,7,9,3
,343,5:43,316.76,287.96,10.9,18.36,7,9,3
,344,5:44,317.12,288.14,11.6,18.36,7,9,3
,345,5:45,317.47999999999996,288.32,12.6,18.18,7,9,3
,346,5:46,317.84000000000003,288.67999999999995,13.8,17.64,7,9,3
,347,5:47,318.38,289.04,15.2,17.64,7,9,3
,348,5:48,318.92,289.21999999999997,16.5,17.64,7,9,3
,349,5:49,319.46,289.58,17.5,17.46,7,9,3
,350,5:50,320,289.94,18,17.46,7,9,3
,351,5:51,320.54,290.12,17.9,18,7,9,3
,352,5:52,321.08,290.47999999999996,17.1,17.82,7,9,3
,353,5:53,321.44,290.84000000000003,15.8,17.46,7,9,3
,354,5:54,321.8,291.02,13.9,17.46,7,9,3
,355,5:55,322.15999999999997,291.38,11.8,17.28,7,9,3
,356,5:56,322.34000000000003,291.55999999999995,9.6,17.28,6,9,3
,357,5:57,322.34000000000003,291.92,9.6,18,6,9,3
,358,5:58,322.88,292.28,5.9,18.72,6,9,3
,359,5:59,322.88,292.46,4.6,18.72,6,9,3
,360,6:00,323.05999999999995,292.82,3.7,19.08,6,9,4
,361,6:01,323.05999999999995,293.17999999999995,3.2,18.9,6,9,4
,362,6:02,323.24,293.54,3.1,18.9,6,9,4
,363,6:03,323.24,293.71999999999997,3.2,19.08,6,9,4
,364,6:04,323.42,294.08,3.4,18.36,6,9,4
,365,6:05,323.59999999999997,294.44,3.8,18,6,9,4
,366,6:06,323.59999999999997,294.8,4.2,17.64,6,9,4
,367,6:07,323.78,294.97999999999996,4.6,17.64,6,9,4
,368,6:08,323.96,295.34000000000003,5.1,17.1,6,9,4
,369,6:09,324.14,295.52,5.6,17.28,6,9,4
,370,6:10,324.32,295.88,6.2,16.56,6,9,4
,371,6:11,324.5,296.05999999999995,6.8,16.2,6,9,4
,372,6:12,324.85999999999996,296.42,7.4,15.66,6,9,4
,373,6:13,325.04,296.59999999999997,8,15.48,6,9,4
,374,6:14,325.21999999999997,296.96,8.5,15.3,6,9,4
,375,6:15,325.58,297.14,8.9,15.3,6,9,4
,376,6:16,325.76,297.5,9.2,15.48,6,9,4
,377,6:17,325.76,297.5,9.2,15.48,6,9,4
,378,6:18,326.47999999999996,297.85999999999996,9.4,15.12,6,9,4
,379,6:19,326.65999999999997,298.04,9.3,15.48,6,9,4
,380,6:20,327.02,298.4,9.1,16.74,6,9,4
,381,6:21,327.2,298.58,8.6,17.1,6,9,4
,382,6:22,327.38,298.94,8,17.46,6,9,4
,383,6:23,327.55999999999995,299.12,7.2,17.64,6,9,4
,384,6:24,327.74,299.47999999999996,6.3,16.92,6,9,4
,385,6:25,327.92,299.65999999999997,5.5,15.84,6,9,4
,386,6:26,328.09999999999997,300.02,4.7,15.12,6,9,4
,387,6:27,328.28,300.2,4,14.4,6,9,4
,388,6:28,328.28,300.55999999999995,3.6,13.68,6,9,4
,389,6:29,328.46,300.74,3.5,13.32,6,9,4
,390,6:30,328.46,300.92,3.6,13.32,6,9,4
,391,6:31,328.64,301.09999999999997,4,13.68,6,9,4
,392,6:32,328.82,301.46,4.4,14.04,6,9,4
,393,6:33,329,301.64,4.9,14.94,6,9,4
,394,6:34,329.17999999999995,301.82,5.3,15.3,6,9,4
,395,6:35,329.35999999999996,302.17999999999995,5.6,15.66,6,9,4
,396,6:36,329.54,302.35999999999996,5.9,15.48,6,9,4
,397,6:37,329.71999999999997,302.71999999999997,6,15.3,6,9,4
,398,6:38,329.9,302.9,6,15.12,6,9,4
,399,6:39,330.08,303.08,6,14.76,6,9,4
,400,6:40,330.08,303.44,6,14.76,6,9,4
,401,6:41,330.26,303.62,5.8,14.94,6,9,4
,402,6:42,330.44,303.97999999999996,5.7,14.58,6,9,4
,403,6:43,330.62,304.15999999999997,5.7,14.04,6,9,4
,404,6:44,330.8,304.34000000000003,5.6,14.04,6,9,4
,405,6:45,330.97999999999996,304.52,5.7,13.86,6,9,4
,406,6:46,331.15999999999997,304.88,5.7,14.04,6,9,4
,407,6:47,331.34000000000003,305.05999999999995,5.9,14.22,6,9,4
,408,6:48,331.52,305.24,6.1,14.58,6,9,4
,409,6:49,331.7,305.59999999999997,6.3,14.94,6,9,4
,410,6:50,331.88,305.59999999999997,6.6,14.76,6,9,4
,411,6:51,332.24,305.96,6.9,14.4,6,9,4
,412,6:52,332.42,306.14,7.2,14.04,6,9,4
,413,6:53,332.59999999999997,306.32,7.6,14.04,6,9,4
,414,6:54,332.78,306.67999999999995,7.8,13.68,6,9,4
,415,6:55,333.14,306.85999999999996,8,13.14,6,9,4
,416,6:56,333.32,307.04,7.9,13.32,6,9,4
,417,6:57,333.5,307.21999999999997,7.7,13.68,6,9,4
,418,6:58,333.67999999999995,307.58,7.2,13.32,6,9,4
,419,6:59,334.04,307.76,6.5,12.6,6,9,4
,420,7:00,334.04,307.94,5.6,12.78,6,9,4
,421,7:01,334.21999999999997,308.12,4.7,13.14,6,9,4
,422,7:02,334.4,308.3,4,13.14,6,9,4
,423,7:03,334.4,308.65999999999997,3.5,13.14,6,9,4
,424,7:04,334.58,308.84000000000003,3.4,13.68,6,9,4
,425,7:05,334.76,309.02,3.7,14.04,6,9,4
,426,7:06,334.76,309.2,4.5,13.68,6,9,4
,427,7:07,334.94,309.55999999999995,5.6,13.14,6,9,4
,428,7:08,335.3,309.74,6.9,12.96,6,9,4
,429,7:09,335.47999999999996,309.92,8,12.78,6,9,4
,430,7:10,335.84000000000003,310.09999999999997,8.9,12.06,6,9,4
,431,7:11,336.02,310.28,9.3,11.7,6,9,4
,432,7:12,336.38,310.46,9.4,11.88,6,9,4
,433,7:13,336.55999999999995,310.64,9.1,12.06,6,9,4
,434,7:14,336.92,311,8.5,12.42,6,9,4
,435,7:15,337.09999999999997,311.17999999999995,7.8,12.96,6,9,4
,436,7:16,337.28,311.35999999999996,7,12.96,6,9,4
,437,7:17,337.46,311.54,6.4,13.86,6,9,4
,438,7:18,337.64,311.9,5.9,13.86,6,9,4
,439,7:19,337.64,312.08,5.9,13.5,6,9,4
,440,7:20,338,312.26,5.1,13.32,6,9,4
,441,7:21,338,312.44,4.8,13.5,6,9,4
,442,7:22,338.17999999999995,312.62,4.5,12.78,6,9,4
,443,7:23,338.35999999999996,312.8,4.3,12.96,6,9,4
,444,7:24,338.35999999999996,312.97999999999996,4.1,13.32,6,9,4
,445,7:25,338.54,313.34000000000003,4.1,13.5,6,9,4
,446,7:26,338.71999999999997,313.52,4.3,13.32,6,9,4
,447,7:27,338.9,313.7,4.7,13.32,6,9,4
,448,7:28,339.08,313.88,5.3,13.32,6,9,4
,449,7:29,339.26,314.05999999999995,6,12.42,6,9,4
,450,7:30,339.44,314.42,6.5,12.24,6,9,4
,451,7:31,339.62,314.59999999999997,6.9,11.7,6,9,4
,452,7:32,339.8,314.78,6.8,11.34,6,9,4
,453,7:33,339.97999999999996,314.96,6.5,10.98,6,9,4
,454,7:34,340.15999999999997,315.14,6,11.52,6,9,4
,455,7:35,340.34000000000003,315.32,5.3,11.7,6,9,4
,456,7:36,340.52,315.5,4.6,12.24,6,9,4
,457,7:37,340.52,315.67999999999995,4.1,12.6,6,9,4
,458,7:38,340.7,315.85999999999996,3.8,12.42,6,9,4
,459,7:39,340.88,316.04,3.8,12.24,6,9,4
,460,7:40,340.88,316.4,4.1,12.6,6,9,4
,461,7:41,341.05999999999995,316.58,4.5,12.24,6,9,4
,462,7:42,341.24,316.76,5,12.42,6,9,4
,463,7:43,341.42,316.94,5.6,12.6,6,9,4
,464,7:44,341.59999999999997,317.12,6.3,12.6,6,9,4
,465,7:45,341.78,317.3,6.9,12.06,6,9,4
,466,7:46,342.14,317.47999999999996,7.6,11.52,6,9,4
,467,7:47,342.32,317.65999999999997,8.3,11.52,6,9,4
,468,7:48,342.5,318.02,8.9,11.52,6,9,4
,469,7:49,342.85999999999996,318.2,9.5,11.7,6,9,4
,470,7:50,343.21999999999997,318.38,10,12.42,6,9,4
,471,7:51,343.4,318.55999999999995,10.1,13.32,6,9,4
,472,7:52,343.76,318.74,10,13.5,6,9,4
,473,7:53,344.12,318.92,9.4,13.32,6,9,4
,474,7:54,344.3,319.28,8.6,13.68,6,9,4
,475,7:55,344.47999999999996,319.28,7.6,13.68,6,9,4
,476,7:56,344.65999999999997,319.64,6.5,13.68,6,9,4
,477,7:57,344.84000000000003,319.82,5.6,13.32,6,9,4
,478,7:58,345.02,320,5,12.6,6,9,4
,479,7:59,345.2,320.17999999999995,4.7,12.78,6,9,4
,480,8:00,345.2,320.35999999999996,4.7,12.24,6,9,4
,481,8:01,345.38,320.54,4.9,12.06,6,9,4
,482,8:02,345.55999999999995,320.9,5.2,11.52,6,9,4
,483,8:03,345.74,321.08,5.4,11.88,6,9,4
,484,8:04,345.92,321.26,5.5,11.7,6,9,4
,485,8:05,346.09999999999997,321.44,5.5,12.06,6,9,4
,486,8:06,346.28,321.62,5.2,13.14,6,9,4
,487,8:07,346.46,321.8,4.7,13.32,6,9,4
,488,8:08,346.46,321.97999999999996,4.3,13.68,6,9,4
,489,8:09,346.64,322.34000000000003,4,13.68,6,9,4
,490,8:10,346.82,322.52,4,13.68,6,9,4
,491,8:11,346.82,322.7,4.2,12.42,6,9,4
,492,8:12,347,322.88,4.8,12.24,6,9,4
,493,8:13,347.17999999999995,323.05999999999995,5.5,12.24,6,9,4
,494,8:14,347.35999999999996,323.42,6.2,12.06,6,9,4
,495,8:15,347.54,323.59999999999997,6.8,11.34,6,9,4
,496,8:16,347.71999999999997,323.78,7.1,10.98,6,9,4
,497,8:17,348.08,323.96,7.1,10.8,6,9,4
,498,8:18,348.26,324.14,6.8,10.98,6,9,4
,499,8:19,348.44,324.32,6.2,11.34,6,9,4
,500,8:20,348.62,324.5,5.3,11.52,6,9,4
,501,8:21,348.62,324.67999999999995,4.4,12.24,6,9,4
,502,8:22,348.8,324.85999999999996,3.5,13.14,6,9,4
,503,8:23,348.8,325.04,2.8,13.32,6,9,4
,504,8:24,348.97999999999996,325.4,2.3,13.5,6,9,4
,505,8:25,348.97999999999996,325.58,2.2,13.68,6,9,4
,506,8:26,348.97999999999996,325.76,2.3,13.32,6,9,4
,507,8:27,349.15999999999997,325.94,2.6,12.24,6,9,4
,508,8:28,349.15999999999997,326.12,3.1,12.06,6,9,4
,509,8:29,349.34000000000003,326.3,3.8,11.34,6,9,4
,510,8:30,349.52,326.47999999999996,4.5,10.44,6,9,4
,511,8:31,349.7,326.65999999999997,5.2,9.72,6,9,4
,512,8:32,349.88,326.84000000000003,6,9.72,6,9,4
,513,8:33,350.05999999999995,327.02,6.7,9.36,6,9,4
,514,8:34,350.24,327.02,7.4,9.9,6,9,4
,515,8:35,350.59999999999997,327.2,7.9,9.72,6,9,4
,516,8:36,350.78,327.38,8.3,10.08,6,9,4
,517,8:37,350.96,327.55999999999995,8.5,10.08,6,9,4
,518,8:38,351.32,327.74,8.5,11.34,6,9,4
,519,8:39,351.5,327.92,8.4,11.34,6,9,4
,520,8:40,351.85999999999996,328.09999999999997,8.2,11.7,6,9,4
,521,8:41,352.04,328.28,7.9,11.52,6,9,4
,522,8:42,352.21999999999997,328.46,7.6,11.88,6,9,4
,523,8:43,352.4,328.82,7.2,10.98,6,9,4
,524,8:44,352.58,329,6.9,10.8,6,9,4
,525,8:45,352.76,329.17999999999995,6.6,10.98,6,9,4
,526,8:46,352.94,329.35999999999996,6.3,11.34,6,9,4
,527,8:47,353.12,329.54,6,10.98,6,9,4
,528,8:48,353.3,329.71999999999997,5.8,11.52,6,9,5
,529,8:49,353.47999999999996,329.9,5.6,10.8,6,9,5
,530,8:50,353.65999999999997,330.08,5.4,10.08,6,9,5
,531,8:51,353.84000000000003,330.26,5.3,11.16,6,9,5
,532,8:52,354.02,330.44,5.2,10.98,6,9,5
,533,8:53,354.2,330.62,5.1,10.44,6,9,5
,534,8:54,354.38,330.8,5.1,10.8,6,9,5
,535,8:55,354.55999999999995,330.97999999999996,5,11.88,6,9,5
,536,8:56,354.55999999999995,331.15999999999997,4.9,11.34,6,9,5
,537,8:57,354.74,331.34000000000003,4.7,11.88,6,9,5
,538,8:58,354.92,331.52,4.5,12.24,6,9,5
,539,8:59,354.92,331.7,4.1,11.88,6,9,5
,540,9:00,355.09999999999997,331.88,3.8,11.7,6,9,5
,541,9:01,355.28,332.05999999999995,3.4,11.7,6,9,5
,542,9:02,355.28,332.24,3.2,10.98,6,9,5
,543,9:03,355.46,332.42,3.1,10.98,6,9,5
,544,9:04,355.46,332.59999999999997,3.1,10.8,6,9,5
,545,9:05,355.64,332.78,3.4,10.08,6,9,5
,546,9:06,355.64,332.96,3.8,9.54,6,9,5
,547,9:07,355.82,332.96,4.3,9.18,6,9,5
,548,9:08,356,333.14,4.7,9.18,6,9,5
,549,9:09,356.17999999999995,333.32,5,9.18,6,9,5
,550,9:10,356.35999999999996,333.5,5.1,9.54,6,9,5
,551,9:11,356.35999999999996,333.67999999999995,4.9,9.54,6,9,5
,552,9:12,356.54,333.85999999999996,4.4,9.9,6,9,5
,553,9:13,356.71999999999997,334.04,3.7,9.72,6,9,5
,554,9:14,356.71999999999997,334.21999999999997,2.9,10.26,6,9,5
,555,9:15,356.71999999999997,334.4,2.1,10.44,6,9,5
,556,9:16,356.9,334.58,1.4,9.9,6,9,5
,557,9:17,356.9,334.58,1.4,9,6,9,5
,558,9:18,356.9,334.76,0.5,8.82,6,9,5
,559,9:19,356.9,334.94,0.4,8.82,6,9,5
,560,9:20,356.9,335.12,0.6,9,6,9,5
,561,9:21,356.9,335.3,1,9.72,6,9,5
,562,9:22,357.08,335.47999999999996,1.7,10.62,6,9,5
,563,9:23,357.08,335.65999999999997,2.5,10.8,6,9,5
,564,9:24,357.26,335.84000000000003,3.5,10.44,6,9,5
,565,9:25,357.44,336.02,4.5,9.72,6,9,5
,566,9:26,357.44,336.02,4.5,9.54,6,9,5
,567,9:27,357.8,336.2,6.2,9.54,6,9,5
,568,9:28,357.97999999999996,336.38,6.7,10.26,6,9,5
,569,9:29,358.15999999999997,336.55999999999995,7,10.62,6,9,5
,570,9:30,358.15999999999997,336.74,7,11.16,6,9,5
,571,9:31,358.52,336.92,7.1,11.7,6,9,5
,572,9:32,358.7,337.09999999999997,7,11.88,6,9,5
,573,9:33,359.05999999999995,337.46,6.9,11.88,6,9,5
,574,9:34,359.24,337.46,6.9,12.06,6,9,5
,575,9:35,359.24,337.64,6.9,12.06,6,9,5
,576,9:36,359.42,337.82,7.1,11.34,6,9,5
,577,9:37,359.78,338,7.6,10.44,6,9,5
,578,9:38,360.14,338.17999999999995,7.8,9.54,6,9,5
,579,9:39,360.32,338.35999999999996,7.6,8.64,6,9,5
,580,9:40,360.5,338.54,7.1,9.36,6,9,5
,581,9:41,360.5,338.71999999999997,7.1,10.08,6,9,5
,582,9:42,360.85999999999996,338.9,5,10.26,6,9,5
,583,9:43,360.85999999999996,339.08,5,10.62,6,9,5
,584,9:44,361.04,339.26,2.3,10.98,6,9,5
,585,9:45,361.04,339.44,1.1,11.52,6,9,5
,586,9:46,361.04,339.62,0.2,11.52,6,9,5
,587,9:47,361.04,339.8,-0.3,11.34,6,9,5
,588,9:48,361.04,339.97999999999996,-0.4,11.16,6,9,5
,589,9:49,361.04,340.15999999999997,0,11.34,6,9,5
,590,9:50,361.04,340.34000000000003,0.7,10.08,6,9,5
,591,9:51,361.04,340.52,1.8,9,6,9,5
,592,9:52,361.21999999999997,340.7,3.2,8.64,6,9,5
,593,9:53,361.4,340.7,4.6,8.82,6,9,5
,594,9:54,361.58,340.88,6.1,8.28,6,9,5
,595,9:55,361.76,341.05999999999995,7.4,8.1,6,9,5
,596,9:56,362.12,341.24,8.4,8.46,6,9,5
,597,9:57,362.3,341.42,9.1,9,6,9,5
,598,9:58,362.65999999999997,341.42,9.3,9.36,6,9,5
,599,9:59,362.84000000000003,341.59999999999997,9.1,9.36,6,9,5
,600,10:00,363.02,341.78,8.3,10.08,6,9,5
,601,10:01,363.38,341.96,7.2,10.08,6,9,5
,602,10:02,363.38,342.14,5.8,10.08,6,9,5
,603,10:03,363.38,342.32,5.8,10.08,6,9,5
,604,10:04,363.55999999999995,342.5,3,10.44,6,9,5
,605,10:05,363.74,342.67999999999995,2.1,10.98,6,9,5
,606,10:06,363.74,342.85999999999996,1.6,11.16,6,9,5
,607,10:07,363.74,342.85999999999996,1.6,11.16,6,9,5
,608,10:08,363.92,343.04,2,10.8,6,9,5
,609,10:09,363.92,343.21999999999997,2.8,10.8,6,9,5
,610,10:10,364.09999999999997,343.4,3.8,10.26,6,9,5
,611,10:11,364.28,343.58,4.8,9.9,6,9,5
,612,10:12,364.46,343.76,5.6,9.72,6,9,5
,613,10:13,364.64,343.94,6.2,9.9,6,9,5
,614,10:14,364.82,344.12,6.4,9.72,6,9,5
,615,10:15,365,344.3,6.2,10.08,6,9,5
,616,10:16,365,344.47999999999996,6.2,9.72,6,9,5
,617,10:17,365.35999999999996,344.65999999999997,5.1,10.08,6,9,5
,618,10:18,365.35999999999996,344.84000000000003,4.4,9.54,6,9,5
,619,10:19,365.54,345.02,3.8,9.18,6,9,5
,620,10:20,365.54,345.02,3.5,8.82,6,9,5
,621,10:21,365.71999999999997,345.2,3.5,8.28,6,9,5
,622,10:22,365.9,345.38,3.8,8.64,6,9,5
,623,10:23,365.9,345.55999999999995,4.4,9,6,9,5
,624,10:24,366.08,345.74,5.1,9.18,6,9,5
,625,10:25,366.26,345.74,5.6,9.36,6,9,5
,626,10:26,366.44,345.92,6,9.72,6,9,5
,627,10:27,366.62,346.09999999999997,6,9.72,6,9,5
,628,10:28,366.8,346.28,5.6,10.08,6,9,5
,629,10:29,366.97999999999996,346.46,4.9,10.08,6,9,5
,630,10:30,366.97999999999996,346.64,4.9,9.72,6,9,5
,631,10:31,367.15999999999997,346.82,2.9,9,6,9,5
,632,10:32,367.15999999999997,347,2,7.92,6,9,5
,633,10:33,367.15999999999997,347,1.5,6.84,6,9,5
,634,10:34,367.34000000000003,347.17999999999995,1.3,6.66,6,9,5
,635,10:35,367.34000000000003,347.35999999999996,1.6,7.56,6,9,5
,636,10:36,367.34000000000003,347.35999999999996,2.3,8.64,6,9,5
,637,10:37,367.52,347.54,3.2,9.9,6,9,5
,638,10:38,367.7,347.71999999999997,4.3,11.16,6,9,5
,639,10:39,367.88,347.9,5.2,11.7,6,9,5
,640,10:40,368.05999999999995,348.08,5.9,11.16,6,9,5
,641,10:41,368.24,348.26,6.1,10.08,6,9,5
,642,10:42,368.42,348.44,6,9.36,6,9,5
,643,10:43,368.59999999999997,348.44,5.5,8.64,6,9,5
,644,10:44,368.59999999999997,348.62,4.9,8.28,6,9,5
,645,10:45,368.59999999999997,348.8,4.9,8.1,6,9,5
,646,10:46,368.96,348.97999999999996,3.9,8.46,6,9,5
,647,10:47,368.96,349.15999999999997,3.8,8.64,6,9,5
,648,10:48,369.14,349.15999999999997,4.1,9.36,6,9,5
,649,10:49,369.32,349.34000000000003,4.6,9.72,6,9,5
,650,10:50,369.5,349.52,5.3,10.44,6,9,5
,651,10:51,369.67999999999995,349.7,5.9,10.98,6,9,5
,652,10:52,369.85999999999996,349.88,6.2,11.52,6,9,5
,653,10:53,370.04,350.05999999999995,6.1,10.44,6,9,5
,654,10:54,370.21999999999997,350.24,5.5,10.08,6,9,5
,655,10:55,370.21999999999997,350.42,4.5,9.72,6,9,5
,656,10:56,370.4,350.59999999999997,3.3,9.18,6,9,5
,657,10:57,370.4,350.78,2.2,8.28,6,9,5
,658,10:58,370.4,350.96,1.4,8.64,6,9,5
,659,10:59,370.58,350.96,1.1,8.64,6,9,5
,660,11:00,370.58,351.14,1.4,9.18,6,9,5
,661,11:01,370.58,351.32,2,9.36,6,9,5
,662,11:02,370.76,351.5,2.9,9.36,6,9,5
,663,11:03,370.76,351.67999999999995,3.7,8.82,6,9,5
,664,11:04,370.94,351.85999999999996,4.3,8.46,6,9,5
,665,11:05,371.12,351.85999999999996,4.5,7.56,6,9,5
,666,11:06,371.3,352.04,4.5,7.2,6,9,5
,667,11:07,371.3,352.21999999999997,4.2,7.38,6,9,5
,668,11:08,371.47999999999996,352.21999999999997,3.9,7.92,6,9,5
,669,11:09,371.65999999999997,352.4,3.8,7.92,6,9,5
,670,11:10,371.65999999999997,352.58,3.9,7.74,6,9,5
,671,11:11,371.65999999999997,352.76,3.9,8.64,6,9,5
,672,11:12,372.02,352.76,5.1,8.82,6,9,5
,673,11:13,372.2,352.94,6,8.64,6,9,5
,674,11:14,372.38,353.12,6.8,8.1,6,9,5
,675,11:15,372.74,353.12,7.4,8.28,6,9,5
,676,11:16,372.92,353.3,7.6,7.74,6,9,5
,677,11:17,373.09999999999997,353.47999999999996,7.4,7.56,6,9,5
,678,11:18,373.09999999999997,353.47999999999996,7.4,7.74,6,9,5
,679,11:19,373.46,353.65999999999997,6.1,9.18,6,9,5
,680,11:20,373.64,353.84000000000003,5.3,10.26,6,9,5
,681,11:21,373.82,354.02,4.5,12.24,6,9,5
,682,11:22,373.82,354.38,3.8,13.32,6,9,5
,683,11:23,374,354.55999999999995,3.3,12.96,6,9,5
,684,11:24,374,354.74,2.9,12.06,6,9,5
,685,11:25,374.17999999999995,354.92,2.7,11.52,6,9,5
,686,11:26,374.17999999999995,355.09999999999997,2.6,9.9,6,9,5
,687,11:27,374.17999999999995,355.28,2.6,9.54,6,9,5
,688,11:28,374.35999999999996,355.46,2.8,9.9,6,9,5
,689,11:29,374.35999999999996,355.64,3.1,9.72,6,9,5
,690,11:30,374.54,355.64,3.7,9,6,9,5
,691,11:31,374.71999999999997,355.82,4.4,10.44,6,9,5
,692,11:32,374.9,356,5.2,9.72,6,9,5
,693,11:33,375.08,356.17999999999995,6.1,10.08,6,9,5
,694,11:34,375.26,356.35999999999996,6.9,10.62,6,9,5
,695,11:35,375.44,356.54,7.6,11.16,6,9,5
,696,11:36,375.8,356.71999999999997,7.9,9.54,6,9,5
,697,11:37,375.97999999999996,356.9,7.9,8.82,6,9,5
,698,11:38,376.15999999999997,357.08,7.7,8.1,6,9,5
,699,11:39,376.34000000000003,357.08,7.2,7.92,6,9,5
,700,11:40,376.7,357.26,6.5,8.1,6,9,5
,701,11:41,376.7,357.44,5.9,8.28,6,9,6
,702,11:42,376.88,357.62,5.4,9.54,6,9,6
,703,11:43,377.05999999999995,357.8,4.9,9.72,6,9,6
,704,11:44,377.24,357.97999999999996,4.6,9.36,6,9,6
,705,11:45,377.42,357.97999999999996,4.4,9,6,9,6
,706,11:46,377.42,358.15999999999997,4.1,8.82,6,9,6
,707,11:47,377.59999999999997,358.34000000000003,3.7,9.18,6,9,6
,708,11:48,377.59999999999997,358.52,3.1,10.26,6,9,6
,709,11:49,377.78,358.7,2.5,11.34,6,9,6
,710,11:50,377.78,358.88,2.5,11.16,6,9,6
,711,11:51,377.78,359.05999999999995,1.1,11.34,6,9,6
,712,11:52,377.78,359.24,0.5,11.16,5,9,6
,713,11:53,377.78,359.42,0.2,9.54,5,9,6
,714,11:54,377.78,359.42,0.1,8.64,5,9,6
,715,11:55,377.78,359.59999999999997,0.2,8.28,5,9,6
,716,11:56,377.78,359.78,0.5,7.74,5,9,6
,717,11:57,377.78,359.96,1,6.84,5,9,6
,718,11:58,377.96,359.96,1.6,6.66,5,9,6
,719,11:59,377.96,360.14,2.4,6.84,5,9,6
,720,12:00,378.14,360.32,3.3,7.02,5,9,6
,721,12:01,378.32,360.32,4.2,7.74,5,9,6
,722,12:02,378.5,360.5,5.1,8.64,5,9,6
,723,12:03,378.67999999999995,360.67999999999995,5.8,9.36,5,9,6
,724,12:04,378.85999999999996,360.85999999999996,6.3,9.18,5,9,6
,725,12:05,379.04,361.04,6.4,8.64,5,9,6
,726,12:06,379.21999999999997,361.04,6.1,7.56,5,9,6
,727,12:07,379.4,361.21999999999997,5.4,6.84,5,9,6
,728,12:08,379.4,361.4,4.5,7.02,5,9,6
,729,12:09,379.58,361.4,3.4,7.02,5,9,6
,730,12:10,379.58,361.58,2.4,7.2,5,9,6
,731,12:11,379.58,361.76,1.6,8.46,5,9,6
,732,12:12,379.58,361.94,1.2,9.72,5,9,6
,733,12:13,379.76,361.94,1.1,9.9,5,9,6
,734,12:14,379.76,362.12,1.4,10.62,5,9,6
,735,12:15,379.76,362.3,1.8,10.62,5,9,6
,736,12:16,379.94,362.47999999999996,2.1,8.82,5,9,6
,737,12:17,379.94,362.65999999999997,2.3,7.02,5,9,6
,738,12:18,379.94,362.65999999999997,2.4,6.3,5,9,6
,739,12:19,380.12,362.84000000000003,2.3,5.94,5,9,6
,740,12:20,380.12,362.84000000000003,2,5.76,5,9,6
,741,12:21,380.12,363.02,1.7,6.66,5,9,6
,742,12:22,380.12,363.2,1.7,8.82,5,9,6
,743,12:23,380.3,363.38,1.2,10.08,5,9,6
,744,12:24,380.3,363.55999999999995,1.1,10.62,5,9,6
,745,12:25,380.3,363.74,1.1,10.8,5,9,6
,746,12:26,380.3,363.74,1.2,10.44,5,9,6
,747,12:27,380.47999999999996,363.92,1.6,9.36,5,9,6
,748,12:28,380.47999999999996,364.09999999999997,2.3,7.74,5,9,6
,749,12:29,380.65999999999997,364.28,3.1,7.2,5,9,6
,750,12:30,380.65999999999997,364.28,4.2,6.12,5,9,6
,751,12:31,380.84000000000003,364.46,5.4,5.76,5,9,6
,752,12:32,381.2,364.64,6.5,6.12,5,9,6
,753,12:33,381.38,364.64,7.5,7.2,5,9,6
,754,12:34,381.55999999999995,364.82,8.2,7.2,5,9,6
,755,12:35,381.55999999999995,365,8.2,8.28,5,9,6
,756,12:36,382.09999999999997,365,8.2,9.18,5,9,6
,757,12:37,382.28,365.17999999999995,7.4,8.46,5,9,6
,758,12:38,382.46,365.35999999999996,6.3,8.1,5,9,6
,759,12:39,382.64,365.54,4.9,7.56,5,9,6
,760,12:40,382.64,365.54,3.4,6.3,5,9,6
,761,12:41,382.64,365.71999999999997,3.4,6.66,5,9,6
,762,12:42,382.82,365.9,1.1,7.38,5,9,6
,763,12:43,382.82,365.9,0.4,7.74,5,9,6
,764,12:44,382.82,366.08,0.1,7.74,5,9,6
,765,12:45,382.82,366.26,0.2,9,5,9,6
,766,12:46,382.82,366.44,0.4,8.64,5,9,6
,767,12:47,382.82,366.44,0.8,8.28,5,9,6
,768,12:48,382.82,366.62,1.1,7.38,5,9,6
,769,12:49,382.82,366.8,1.2,7.02,5,9,6
,770,12:50,383,366.8,1.2,6.12,5,9,6
,771,12:51,383,366.97999999999996,1,5.76,5,9,6
,772,12:52,383,366.97999999999996,0.7,5.4,5,9,6
,773,12:53,383,367.15999999999997,0.5,4.86,5,9,6
,774,12:54,383,367.15999999999997,0.3,4.32,5,9,6
,775,12:55,383,367.15999999999997,0.4,4.14,5,9,6
,776,12:56,383,367.34000000000003,0.5,3.6,5,9,6
,777,12:57,383,367.34000000000003,0.7,3.06,5,9,6
,778,12:58,383,367.34000000000003,0.9,3.78,5,9,6
,779,12:59,383.17999999999995,367.52,1.1,4.32,5,9,6
,780,13:00,383.17999999999995,367.52,1.2,4.68,5,9,6
,781,13:01,383.17999999999995,367.7,1.2,5.04,5,9,6
,782,13:02,383.17999999999995,367.7,1.2,5.22,5,9,6
,783,13:03,383.35999999999996,367.88,1.4,5.58,5,9,6
,784,13:04,383.35999999999996,367.88,1.5,5.94,5,9,6
,785,13:05,383.35999999999996,368.05999999999995,1.7,5.22,5,9,6
,786,13:06,383.35999999999996,368.05999999999995,2,4.86,5,9,6
,787,13:07,383.54,368.24,2.4,5.94,5,9,6
,788,13:08,383.54,368.24,2.7,6.48,5,9,6
,789,13:09,383.71999999999997,368.42,3.1,6.48,5,9,6
,790,13:10,383.71999999999997,368.42,3.4,7.38,5,9,6
,791,13:11,383.9,368.59999999999997,3.6,7.92,5,9,6
,792,13:12,384.08,368.78,3.8,8.28,5,9,6
,793,13:13,384.08,368.96,3.8,8.46,5,9,6
,794,13:14,384.26,369.14,3.9,9,5,9,6
,795,13:15,384.44,369.14,3.9,9.36,5,9,6
,796,13:16,384.44,369.32,3.8,9.72,5,9,6
,797,13:17,384.44,369.5,3.8,9,5,9,6
,798,13:18,384.62,369.67999999999995,3.4,8.28,5,9,6
,799,13:19,384.8,369.85999999999996,3,7.56,5,9,6
,800,13:20,384.8,369.85999999999996,2.6,7.38,5,9,6
,801,13:21,384.97999999999996,370.04,2.3,7.74,5,9,6
,802,13:22,384.97999999999996,370.21999999999997,2,7.74,5,9,6
,803,13:23,384.97999999999996,370.21999999999997,1.8,7.92,5,9,6
,804,13:24,385.15999999999997,370.4,1.7,8.1,5,9,6
,805,13:25,385.15999999999997,370.58,1.8,8.1,5,9,6
,806,13:26,385.15999999999997,370.58,1.9,8.1,5,9,6
,807,13:27,385.34000000000003,370.76,2.2,7.38,5,9,6
,808,13:28,385.34000000000003,370.94,2.4,5.94,5,9,6
,809,13:29,385.34000000000003,370.94,2.7,5.4,5,9,6
,810,13:30,385.52,371.12,3,5.58,5,9,6
,811,13:31,385.7,371.12,3.3,4.86,5,9,6
,812,13:32,385.7,371.3,3.5,4.5,5,9,6
,813,13:33,385.88,371.3,3.7,3.6,5,9,6
,814,13:34,385.88,371.3,3.6,3.06,5,9,6
,815,13:35,386.05999999999995,371.47999999999996,3.5,3.24,5,9,6
,816,13:36,386.05999999999995,371.47999999999996,3.1,3.78,5,9,6
,817,13:37,386.24,371.47999999999996,2.7,4.32,5,9,6
,818,13:38,386.24,371.65999999999997,2.3,5.4,5,9,6
,819,13:39,386.42,371.65999999999997,1.9,5.58,5,9,6
,820,13:40,386.42,371.84000000000003,1.6,4.5,5,9,6
,821,13:41,386.42,371.84000000000003,1.3,3.6,5,9,6
,822,13:42,386.42,371.84000000000003,1.3,3.96,5,9,6
,823,13:43,386.42,372.02,0.7,4.14,5,9,6
,824,13:44,386.42,372.02,0.5,3.78,5,9,6
,825,13:45,386.42,372.02,0.5,3.42,5,9,6
,826,13:46,386.42,372.2,0.1,4.14,5,9,6
,827,13:47,386.42,372.2,0.1,4.32,5,9,6
,828,13:48,386.42,372.38,0.3,4.32,5,9,6
,829,13:49,386.59999999999997,372.38,0.6,4.32,5,9,6
,830,13:50,386.59999999999997,372.38,1.1,3.96,5,9,6
,831,13:51,386.59999999999997,372.55999999999995,1.4,3.42,5,9,6
,832,13:52,386.59999999999997,372.55999999999995,1.6,2.88,5,9,6
,833,13:53,386.59999999999997,372.55999999999995,1.5,2.7,5,9,6
,834,13:54,386.78,372.74,1.3,2.52,5,9,6
,835,13:55,386.78,372.74,0.9,3.42,4,9,6
,836,13:56,386.78,372.74,0.6,3.78,4,9,6
,837,13:57,386.78,372.74,0.5,3.42,4,9,6
,838,13:58,386.78,372.92,0.5,4.14,4,9,6
,839,13:59,386.78,372.92,0.9,5.04,4,9,6
,840,14:00,386.96,373.09999999999997,1.6,6.12,4,9,6
,841,14:01,386.96,373.09999999999997,2.4,7.02,4,9,6
,842,14:02,387.14,373.28,3.2,8.28,4,9,6
,843,14:03,387.14,373.46,3.9,8.28,4,9,6